"","model","LL","neg2LL","n","k","AIC","AICc","AICcmin","deltaAICc","odds","AICcwt"
"1","null",-5255.22297013823,10510.4459402765,2861,3,10516.4459402765,10516.4543406965,10480.1169843299,36.3373563665591,1.28659933184055e-08,4.52809759607801e-09
"2","sxt+sxw+win_hi+init+site",-5232.58061795683,10465.1612359137,2861,8,10481.1612359137,10481.2117267973,10480.1169843299,1.09474246732498,0.578468471848974,0.203587988269753
"3","sxt+sxw+win_hi+win_hi2+init+site",-5232.45444765229,10464.9088953046,2861,9,10482.9088953046,10482.9720310464,10480.1169843299,2.8550467164896,0.239902339250321,0.0844319734022291
"4","wsi+init+site",-5234.49710496511,10468.9942099302,2861,6,10480.9942099302,10481.0236423058,10480.1169843299,0.906657975909184,0.635509024417027,0.22366301726832
"5","win_hi+win_hi2+init+site",-5233.98693273735,10467.9738654747,2861,7,10481.9738654747,10482.0131223972,10480.1169843299,1.89613806731722,0.387488528825217,0.136373914742458
"6","win_hi+init+site",-5234.04377597716,10468.0875519543,2861,6,10480.0875519543,10480.1169843299,10480.1169843299,0,1,0.351943101789142
