"","model","LL","neg2LL","n","k","AIC","AICc","AICcmin","deltaAICc","odds","AICcwt"
"1","null",-5255.22297013823,10510.4459402765,2861,3,10516.4459402765,10516.4543406965,10515.9877596691,0.466581027367283,0.791923475496591,0.18553488157368
"2","sxt+sxw+win_hi+site",-5251.28100273096,10502.5620054619,2861,7,10516.5620054619,10516.6012623844,10515.9877596691,0.61350271532865,0.735833537532856,0.172393914902562
"3","sxt+sxw+win_hi+win_hi2+site",-5250.62907824106,10501.2581564821,2861,8,10517.2581564821,10517.3086473657,10515.9877596691,1.32088769658549,0.516621981811946,0.121036187434315
"4","wsi+site",-5253.37321017544,10506.7464203509,2861,5,10516.7464203509,10516.7674361127,10515.9877596691,0.779676443575227,0.677166416409514,0.158649155835958
"5","win_hi+win_hi2+site",-5252.58287017218,10505.1657403444,2861,6,10517.1657403444,10517.19517272,10515.9877596691,1.20741305085721,0.546781217033814,0.128102009206719
"6","win_hi+site",-5252.98337195365,10505.9667439073,2861,5,10515.9667439073,10515.9877596691,10515.9877596691,0,1,0.234283851046765
