,model,LL,neg2LL,n,k,AIC,AICc,AICcmin,deltaAICc,odds,AICcwt
6,win_hi+init+site,-5234.043776,10468.08755,2861,6,10480.08755,10480.11698,10480.11698,0,1,0.351943102
4,wsi+init+site,-5234.497105,10468.99421,2861,6,10480.99421,10481.02364,10480.11698,0.906657976,0.635509024,0.223663017
2,sxt+sxw+win_hi+init+site,-5232.580618,10465.16124,2861,8,10481.16124,10481.21173,10480.11698,1.094742467,0.578468472,0.203587988
5,win_hi+win_hi2+init+site,-5233.986933,10467.97387,2861,7,10481.97387,10482.01312,10480.11698,1.896138067,0.387488529,0.136373915
3,sxt+sxw+win_hi+win_hi2+init+site,-5232.454448,10464.9089,2861,9,10482.9089,10482.97203,10480.11698,2.855046716,0.239902339,0.084431973
1,null,-5255.22297,10510.44594,2861,3,10516.44594,10516.45434,10480.11698,36.33735637,1.29E-08,4.53E-09
