"","model","LL","neg2LL","n","k","AIC","AICc","AICcmin","deltaAICc","odds","AICcwt"
"1","null",-4323.97398335014,8647.94796670027,2932,3,8653.94796670027,8653.95616342158,8653.95616342158,0,1,1
"2","sxt+sxw+win_hi+site",-5384.39009354519,10768.7801870904,2932,7,10782.7801870904,10782.818490784,8653.95616342158,2128.86232736237,0,0
"3","sxt+sxw+win_hi+win_hi2+site",-5383.74300515668,10767.4860103134,2932,8,10783.4860103134,10783.5352747677,8653.95616342158,2129.57911134611,0,0
"4","wsi+site",-5386.36106609159,10772.7221321832,2932,5,10782.7221321832,10782.7426379932,8653.95616342158,2128.78647457158,0,0
"5","win_hi+win_hi2+site",-5385.545821685,10771.09164337,2932,6,10783.09164337,10783.1203613187,8653.95616342158,2129.16419789713,0,0
"6","win_hi+site",-5385.95201514698,10771.904030294,2932,5,10781.904030294,10781.9245361039,8653.95616342158,2127.96837268236,0,0
