"","x","predicted","std.error","conf.low","conf.high","group"
"1",1,4.82655851459367,0.0294302393134914,4.55602932317189,5.11315126448272,"1"
"2",2,4.97245494022167,0.046249653733269,4.54153933107991,5.44425718463514,"1"
"3",3,5.12276149927013,0.0652082100895171,4.50815467000781,5.82115905494407,"1"
