"","x","predicted","std.error","conf.low","conf.high","group"
"1",1,4.34383710924122,0.0245083258629089,4.14011120274641,4.55758792640741,"1"
"2",2,4.0258260518294,0.033032838745462,3.7734395984117,4.29509336956398,"1"
"3",3,3.73109649188005,0.0434491506347935,3.42651388989751,4.06275342200232,"1"
