"","x","predicted","std.error","conf.low","conf.high","group"
"1",1,4.7251936284044,0.0215388474300245,4.52986969613536,4.92893975404239,"1"
"2",2,4.65579198995505,0.0200801307822833,4.47611597531775,4.8426803892611,"1"
"3",3,4.58740969331436,0.0229909441759691,4.38528275139982,4.79885309279021,"1"
