"","x","predicted","std.error","conf.low","conf.high","group"
"1",1,4.8054159315463,0.024061534424888,4.58405446106018,5.0374668257799,"1"
"2",2,4.7251936284044,0.0215388474300245,4.52986969613536,4.92893975404239,"1"
"3",3,4.6463105679031,0.0295088013076937,4.38520901512266,4.9229584767704,"1"
