"","x","predicted","std.error","conf.low","conf.high","group"
"1",1,4.85478488283687,0.0287663662207447,4.58864030631762,5.13636604424449,"1"
"2",2,5.02860966191847,0.0451054045861194,4.60313948871086,5.4934062271968,"1"
"3",3,5.20865820879863,0.0635395828278407,4.5987613116801,5.89944084881711,"1"
